{"footprints":[{"verts":[[683.2636,556.194031,17.3971977],[682.112,556.0938,17.3971977],[680.190369,556.004761,17.3971977],[683.215,542.624146,17.3971977],[712.3588,546.743,17.3971977],[714.3568,550.4499,17.3971977],[713.725464,557.9195,17.3971977]],"faces":[1,0,6,3,2,1,3,1,6,4,3,6,5,4,6],"height":18.0,"levels":6,"generator":"detached"},{"verts":[[271.199219,662.3488,21.7023354],[267.52243,659.443359,21.7023354],[275.7432,650.9385,21.7023354],[280.82132,655.825439,21.7023354],[292.261017,645.8734,21.7023354],[299.420349,653.420959,21.7023354],[291.893341,660.044434,21.7023354],[302.042664,669.4844,21.7023354],[290.790283,679.380737,21.7023354]],"faces":[2,1,0,2,0,8,3,2,8,4,3,8,6,5,4,6,4,8,7,6,8],"height":18.0,"levels":6,"generator":"detached"}]}